{
    "member": "Pulindu Pasanjith",
    "student_id": "CIT-24-01-0011",
    "models": {
        "Logistic Regression": {
            "accuracy": 0.9579429523214658,
            "precision": 0.9535566528760177,
            "recall": 0.9651492638119681,
            "f1_score": 0.9593179377013964
        },
        "LSTM": {
            "accuracy": 0.939690471233257,
            "precision": 0.9447318268445413,
            "recall": 0.9374577873834932,
            "f1_score": 0.941080751237372
        }
    }
}